timestamp,filename,model,probability,pred_label
2025-12-06 16:18:11,001_glasses_sleepyCombination_887_drowsy.jpg,ResNet50,0.261474609375,notdrowsy
2025-12-06 16:18:56,001_glasses_sleepyCombination_753_drowsy.jpg,CNN,0.004727173130959272,notdrowsy
2025-12-06 16:18:56,001_glasses_sleepyCombination_753_drowsy.jpg,ResNet50,0.470703125,notdrowsy
2025-12-06 16:19:52,001_glasses_sleepyCombination_698_drowsy.jpg,CNN,0.0047341641038656235,notdrowsy
2025-12-06 16:19:52,001_glasses_sleepyCombination_698_drowsy.jpg,ResNet50,0.01348114013671875,notdrowsy
2025-12-06 16:20:45,001_glasses_sleepyCombination_608_drowsy.jpg,CNN,0.004711776971817017,notdrowsy
2025-12-06 16:20:45,001_glasses_sleepyCombination_608_drowsy.jpg,ResNet50,0.431396484375,notdrowsy
2025-12-06 16:21:19,001_glasses_sleepyCombination_608_drowsy.jpg,CNN,0.004711776971817017,notdrowsy
2025-12-06 16:21:19,001_glasses_sleepyCombination_608_drowsy.jpg,ResNet50,0.431396484375,notdrowsy
